<?xml version="1.0" encoding="utf-8"?>
<Gimnasio xmlns:xsi="http://www.w3.org/2001/XMLSchema-instance" xmlns:xsd="http://www.w3.org/2001/XMLSchema">
  <Alumnos>
    <Alumno>
      <DNI>12234456</DNI>
      <Nombre>Juan</Nombre>
      <Apellido>Lopez</Apellido>
      <Nacionalidad>Argentino</Nacionalidad>
    </Alumno>
    <Alumno>
      <DNI>92264456</DNI>
      <Nombre>Miguel</Nombre>
      <Apellido>Hernandez</Apellido>
      <Nacionalidad>Extranjero</Nacionalidad>
    </Alumno>
    <Alumno>
      <DNI>12236456</DNI>
      <Nombre>Carlos</Nombre>
      <Apellido>Gonzalez</Apellido>
      <Nacionalidad>Argentino</Nacionalidad>
    </Alumno>
    <Alumno>
      <DNI>12234656</DNI>
      <Nombre>Juan</Nombre>
      <Apellido>Perez</Apellido>
      <Nacionalidad>Argentino</Nacionalidad>
    </Alumno>
    <Alumno>
      <DNI>91122456</DNI>
      <Nombre>Joaquin</Nombre>
      <Apellido>Suarez</Apellido>
      <Nacionalidad>Extranjero</Nacionalidad>
    </Alumno>
    <Alumno>
      <DNI>22236456</DNI>
      <Nombre>Rodrigo</Nombre>
      <Apellido>Smith</Apellido>
      <Nacionalidad>Argentino</Nacionalidad>
    </Alumno>
  </Alumnos>
  <Instructores>
    <Instructor>
      <DNI>12234456</DNI>
      <Nombre>Juan</Nombre>
      <Apellido>Lopez</Apellido>
      <Nacionalidad>Argentino</Nacionalidad>
    </Instructor>
    <Instructor>
      <DNI>32234456</DNI>
      <Nombre>Roberto</Nombre>
      <Apellido>Juarez</Apellido>
      <Nacionalidad>Argentino</Nacionalidad>
    </Instructor>
  </Instructores>
  <Jornadas>
    <Jornada>
      <Alumnos>
        <Alumno>
          <DNI>91122456</DNI>
          <Nombre>Joaquin</Nombre>
          <Apellido>Suarez</Apellido>
          <Nacionalidad>Extranjero</Nacionalidad>
        </Alumno>
      </Alumnos>
      <Clase>Natacion</Clase>
      <Instructor>
        <DNI>12234456</DNI>
        <Nombre>Juan</Nombre>
        <Apellido>Lopez</Apellido>
        <Nacionalidad>Argentino</Nacionalidad>
      </Instructor>
    </Jornada>
    <Jornada>
      <Alumnos>
        <Alumno>
          <DNI>92264456</DNI>
          <Nombre>Miguel</Nombre>
          <Apellido>Hernandez</Apellido>
          <Nacionalidad>Extranjero</Nacionalidad>
        </Alumno>
        <Alumno>
          <DNI>22236456</DNI>
          <Nombre>Rodrigo</Nombre>
          <Apellido>Smith</Apellido>
          <Nacionalidad>Argentino</Nacionalidad>
        </Alumno>
      </Alumnos>
      <Clase>Pilates</Clase>
      <Instructor>
        <DNI>12234456</DNI>
        <Nombre>Juan</Nombre>
        <Apellido>Lopez</Apellido>
        <Nacionalidad>Argentino</Nacionalidad>
      </Instructor>
    </Jornada>
  </Jornadas>
</Gimnasio>